,link,title,source,timestamp,search_engine,page_count,search_string
0,https://www.hindustantimes.com/car-bike/this-carmaker-overtakes-volkswagen-as-chinas-best-selling-car-brand-101705998758748.html&sa=U&ved=2ahUKEwir4NfTnviDAxV3HrkGHd4PDo0QxfQBegQIARAC&usg=AOvVaw2UkShjkpHvL858JDZLXD2d,This carmaker overtakes Volkswagen as China's best-selling car brand,Hindustan Times,2024-01-23 15:06:40.060226,google,3.0,Volkswagen and Cars
1,https://www.carandbike.com/news/2024-volkswagen-golf-debuts-with-subtle-styling-updates-more-power-3211387&sa=U&ved=2ahUKEwir4NfTnviDAxV3HrkGHd4PDo0QxfQBegQICRAC&usg=AOvVaw2cU_u4FR6D_yOt0t97VI_b,"2024 Volkswagen Golf Debuts With Subtle Styling Updates, More Power",carandbike,2024-01-24 20:06:40.062731,google,3.0,Volkswagen and Cars
2,https://www.cardekho.com/india-car-news/new-hyundai-creta-vs-skoda-kushaq-vs-volkswagen-taigun-vs-mg-astor-price-comparison-31970.htm&sa=U&ved=2ahUKEwir4NfTnviDAxV3HrkGHd4PDo0QxfQBegQIABAC&usg=AOvVaw39HhZJG8xinbvO7KQ3hjKZ,New Hyundai Creta vs Skoda Kushaq vs Volkswagen Taigun vs MG Astor: Price Comparison,CarDekho,2024-01-24 15:06:40.067473,google,3.0,Volkswagen and Cars
3,https://www.indiatoday.in/technology/news/story/volkswagen-is-bringing-chatgpt-to-vehicles-so-that-you-can-ask-your-car-to-do-things-2486547-2024-01-09&sa=U&ved=2ahUKEwir4NfTnviDAxV3HrkGHd4PDo0QxfQBegQICBAC&usg=AOvVaw3tY5nA5xnSqAkW9-EM9wA8,Volkswagen is bringing ChatGPT to its vehicles so that you can ask your car to do things,India Today,2024-01-11 15:06:40.067473,google,3.0,Volkswagen and Cars
4,https://fortune.com/europe/2024/01/23/volkswagen-top-car-seller-china-byd-warren-buffett-berkshire-hathaway/&sa=U&ved=2ahUKEwir4NfTnviDAxV3HrkGHd4PDo0QxfQBegQIAhAC&usg=AOvVaw1zC9Xtz_4BfLyg82RTs1LK,Volkswagen just lost its crown as China’s biggest carmaker to Warren Buffett–backed BYD,Fortune,2024-01-24 15:06:40.067473,google,3.0,Volkswagen and Cars
5,https://www.volkswagen-newsroom.com/en/press-releases/world-premiere-to-mark-the-50th-anniversary-the-new-golf-is-more-attractive-intelligent-and-efficient-than-ever-before-18083&sa=U&ved=2ahUKEwir4NfTnviDAxV3HrkGHd4PDo0QxfQBegQIBBAC&usg=AOvVaw1WE2IGePcPjGoxVicQ_Bpp,"World premiere to mark the 50th anniversary: the new Golf (Near-production vehicle.) is more attractive, intelligent and ...",Volkswagen Newsroom,2024-01-24 15:06:40.067473,google,3.0,Volkswagen and Cars
6,https://motoroctane.com/news/235687-volkswagen-planning-strong-comeback-with-3-new-cars&sa=U&ved=2ahUKEwir4NfTnviDAxV3HrkGHd4PDo0QxfQBegQIBhAC&usg=AOvVaw058ouVleCTzM0N6ThRLoRJ,Volkswagen planning strong comeback with 3 new cars?,MotorOctane,2024-01-21 15:06:40.078481,google,3.0,Volkswagen and Cars
7,https://www.livemint.com/auto-news/volkswagen-is-bringing-chatgpt-integration-to-its-cars-heres-how-it-will-work-ces-2024-openai-11704764816688.html&sa=U&ved=2ahUKEwir4NfTnviDAxV3HrkGHd4PDo0QxfQBegQIBxAC&usg=AOvVaw3DPDq31qWkdlG0YSeMmilh,CES 2024: Volkswagen is bringing ChatGPT integration to its cars. Here's how it will work | Mint,Mint,2024-01-11 15:06:40.078481,google,3.0,Volkswagen and Cars
8,https://www.indiatvnews.com/technology/news/volkswagen-cars-to-feature-chatgpt-ai-assistance-in-2024-2024-01-10-911120&sa=U&ved=2ahUKEwir4NfTnviDAxV3HrkGHd4PDo0QxfQBegQIBRAC&usg=AOvVaw1Pg2HSF5T9IFQgduLr3rD9,Are Volkswagen cars bringing ChatGPT AI assistance? Here's everything you need to know,India TV News,2024-01-11 15:06:40.078481,google,3.0,Volkswagen and Cars
9,https://www.carwale.com/news/discount-offers-of-up-to-rs-420-lakh-on-volkswagen-cars-in-november-2023/&sa=U&ved=2ahUKEwir4NfTnviDAxV3HrkGHd4PDo0QxfQBegQIAxAC&usg=AOvVaw3fomtzFn7-xsoCSska6My1,Discount offers of up to Rs. 4.20 lakh on Volkswagen cars in November 2023,CarWale,2023-11-25 15:06:40.085188,google,3.0,Volkswagen and Cars
10,https://www.zigwheels.com/volkswagen-cars&sa=U&ved=2ahUKEwjby9DUnviDAxU3H7kGHfv6Aoo4ChDF9AF6BAgAEAI&usg=AOvVaw1tR8azH3l9jYodfO5l3spf,Watch Out For These 3 Volkswagen Cars Set To Launch In 2024,ZigWheels.com,2023-08-25 15:06:41.917615,google,3.0,Volkswagen and Cars
11,https://www.reuters.com/business/autos-transportation/volkswagen-shares-rise-after-confident-message-over-2024-2024-01-23/&sa=U&ved=2ahUKEwjby9DUnviDAxU3H7kGHfv6Aoo4ChDF9AF6BAgJEAI&usg=AOvVaw24Olem4Yx38lkIXj_LmdZP,"Volkswagen shares rise after ""confident"" message over 2024",Reuters,2024-01-24 15:06:41.917615,google,3.0,Volkswagen and Cars
12,https://www.timesnownews.com/auto/car-news/tiguan-passat-and-other-volkswagen-cars-to-come-equipped-with-advance-chatgpt-ai-article-106657342&sa=U&ved=2ahUKEwjby9DUnviDAxU3H7kGHfv6Aoo4ChDF9AF6BAgHEAI&usg=AOvVaw1CG6qbCCTa4zfnQ1K6uVjs,"Tiguan, Passat And Other Volkswagen Cars To Come Equipped With Advance ChatGPT AI",Times Now,2024-01-11 15:06:41.917615,google,3.0,Volkswagen and Cars
13,https://www.evoindia.com/features/special-features/top-of-the-class-how-volkswagens-cars-are-setting-the-standards-high&sa=U&ved=2ahUKEwjby9DUnviDAxU3H7kGHfv6Aoo4ChDF9AF6BAgBEAI&usg=AOvVaw2LDVFXiwq3OF5mQoLVRyGq,Top of the class: How Volkswagen cars are setting the standards high,EVO India,2023-12-25 15:06:41.917615,google,3.0,Volkswagen and Cars
14,https://www.cardekho.com/india-car-news/kia-seltos-vs-toyota-hyryder-vs-honda-elevate-vs-volkswagen-taigun-space-practicality-comparison-31958.htm&sa=U&ved=2ahUKEwjby9DUnviDAxU3H7kGHfv6Aoo4ChDF9AF6BAgCEAI&usg=AOvVaw0tFEAhrZrKNN4EAyeGy1EU,Kia Seltos vs Toyota Hyryder vs Honda Elevate vs Volkswagen Taigun: Space & Practicality Comparison,CarDekho,2024-01-21 15:06:41.917615,google,3.0,Volkswagen and Cars
15,https://www.volkswagen-newsroom.com/en/press-releases/world-premiere-at-ces-volkswagen-integrates-chatgpt-into-its-vehicles-18048&sa=U&ved=2ahUKEwjby9DUnviDAxU3H7kGHfv6Aoo4ChDF9AF6BAgIEAI&usg=AOvVaw2Cq_O-tA5CY44W2JCPYv0d,World premiere at CES: Volkswagen integrates ChatGPT into its vehicles,Volkswagen Newsroom,2024-01-11 15:06:41.917615,google,3.0,Volkswagen and Cars
16,https://www.carwale.com/news/volkswagen-cars-to-get-expensive-from-1-january/&sa=U&ved=2ahUKEwjby9DUnviDAxU3H7kGHfv6Aoo4ChDF9AF6BAgDEAI&usg=AOvVaw3e7cSEZ9yTRoQCn3BXelIg,Volkswagen cars to get expensive from 1 January,CarWale,2023-12-25 15:06:41.917615,google,3.0,Volkswagen and Cars
17,https://www.carandbike.com/news/future-volkswagen-cars-and-suvs-will-feature-chatgptdriven-voice-assistant-3211162&sa=U&ved=2ahUKEwjby9DUnviDAxU3H7kGHfv6Aoo4ChDF9AF6BAgFEAI&usg=AOvVaw2y86Bpa6vZYzvsKt9RTfrF,Future Volkswagen Cars And SUVs Will Feature ChatGPT-Driven Voice Assistant,carandbike,2024-01-11 15:06:41.917615,google,3.0,Volkswagen and Cars
18,https://www.cardekho.com/india-car-news/skoda-and-volkswagen-to-launch-8-cars-in-india-in-2024-31847.htm&sa=U&ved=2ahUKEwjby9DUnviDAxU3H7kGHfv6Aoo4ChDF9AF6BAgEEAI&usg=AOvVaw2M5tvah_ZMeBPCgrxNLKSJ,Skoda And Volkswagen To Launch 8 Cars In India In 2024,CarDekho,2023-12-25 15:06:41.933237,google,3.0,Volkswagen and Cars
19,https://www.cardekho.com/india-car-news/volkswagen-cars-available-with-discounts-of-over-rs-4-lakh-this-december-31799.htm&sa=U&ved=2ahUKEwjby9DUnviDAxU3H7kGHfv6Aoo4ChDF9AF6BAgGEAI&usg=AOvVaw2Z3Q_brDp4hD3cgcqUexQx,Volkswagen Cars Available With Discounts Of Over Rs 4 Lakh This December,CarDekho,2023-12-25 15:06:41.933237,google,3.0,Volkswagen and Cars
20,https://motoroctane.com/news/266960-new-volkswagen-cars-coming-in-2024&sa=U&ved=2ahUKEwiXsLvVnviDAxVgFbkGHU5_ALk4FBDF9AF6BAgAEAI&usg=AOvVaw34azrFJc3b7Il1qIYKgaGq,New Volkswagen cars coming in 2024,MotorOctane,2024-01-19 15:06:43.641876,google,3.0,Volkswagen and Cars
21,https://www.zigwheels.com/news-features/general-news/watch-out-for-these-3-volkswagen-cars-set-to-launch-in-2024/51763/&sa=U&ved=2ahUKEwiXsLvVnviDAxVgFbkGHU5_ALk4FBDF9AF6BAgJEAI&usg=AOvVaw0uyzCBdFk7WcPuG7VqCQou,Watch Out For These 3 Volkswagen Cars Set To Launch In 2024,ZigWheels.com,2023-12-25 15:06:43.641876,google,3.0,Volkswagen and Cars
22,https://www.indiatoday.in/auto/cars/story/volkswagen-india-cars-now-available-via-kendriya-police-kalyan-bhandar-2476318-2023-12-15&sa=U&ved=2ahUKEwiXsLvVnviDAxVgFbkGHU5_ALk4FBDF9AF6BAgEEAI&usg=AOvVaw1NkbmAw4to0SECsPJMred4,Volkswagen India cars now available via Kendriya Police Kalyan Bhandar,India Today,2023-12-25 15:06:43.641876,google,3.0,Volkswagen and Cars
23,https://www.moneycontrol.com/news/world/volkswagen-vehicles-to-converse-with-drivers-via-chatgpt-by-mid-year-12020001.html&sa=U&ved=2ahUKEwiXsLvVnviDAxVgFbkGHU5_ALk4FBDF9AF6BAgCEAI&usg=AOvVaw2xiNlFkf7ThiHP1jTw2w-Z,Volkswagen vehicles to converse with drivers via ChatGPT by mid-year,Moneycontrol,2024-01-11 15:06:43.641876,google,3.0,Volkswagen and Cars
24,https://www.carthrottle.com/news/meet-rugged-volkswagen-4x4-could-have-been&sa=U&ved=2ahUKEwiXsLvVnviDAxVgFbkGHU5_ALk4FBDF9AF6BAgIEAI&usg=AOvVaw1NFHqzWcoebHcWHa848CSc,Meet The Rugged Volkswagen 4x4 That Could Have Been,Car Throttle,2024-01-24 19:06:43.641876,google,3.0,Volkswagen and Cars
25,https://www.autocarpro.in/news-international/volkswagen-integrates-chatgpt-into-its-cars-global-premiere-at-ces-2024-118589&sa=U&ved=2ahUKEwiXsLvVnviDAxVgFbkGHU5_ALk4FBDF9AF6BAgFEAI&usg=AOvVaw3u8xwQjwJx2GhnJGg1JrAi,"Volkswagen integrates ChatGPT into its cars, global premiere at CES 2024",Autocar Professional,2024-01-11 15:06:43.657155,google,3.0,Volkswagen and Cars
26,https://m.economictimes.com/industry/auto/cars-uvs/volkswagen-passenger-cars-india-to-hike-prices-from-january/articleshow/105931271.cms&sa=U&ved=2ahUKEwiXsLvVnviDAxVgFbkGHU5_ALk4FBDF9AF6BAgGEAI&usg=AOvVaw3TgSkF3yYBOm3crnVouUXw,Volkswagen Passenger Cars India to hike prices from January,The Economic Times,2023-12-25 15:06:43.657696,google,3.0,Volkswagen and Cars
27,https://auto.hindustantimes.com/auto/cars/volkswagen-virtus-taigun-tiguan-to-get-more-expensive-from-january-1-2024-41702372566556.html&sa=U&ved=2ahUKEwiXsLvVnviDAxVgFbkGHU5_ALk4FBDF9AF6BAgDEAI&usg=AOvVaw2r11j0_GO1VHhiyjDdRghs,"Volkswagen Virtus, Taigun & Tiguan to get more expensive from January 1, 2024",HT Auto,2023-12-25 15:06:43.657696,google,3.0,Volkswagen and Cars
28,https://www.carwale.com/news/volkswagen-tiguan-available-with-discounts-of-up-to-rs-42-lakh-in-december-2023/&sa=U&ved=2ahUKEwiXsLvVnviDAxVgFbkGHU5_ALk4FBDF9AF6BAgHEAI&usg=AOvVaw06nIsc0HM19c_oqOQgVjLZ,Volkswagen Tiguan attracts discounts of up to Rs. 4.20 lakh in December 2023,CarWale,2023-12-25 15:06:43.657696,google,3.0,Volkswagen and Cars
29,https://www.marketscreener.com/quote/stock/VOLKSWAGEN-AG-436737/news/AKTIEN-IM-FOKUS-2-Car-stocks-in-demand-after-positively-received-VW-statements-45794029/&sa=U&ved=2ahUKEwiXsLvVnviDAxVgFbkGHU5_ALk4FBDF9AF6BAgBEAI&usg=AOvVaw0rz47chmTWE2vO3CrRxFEV,AKTIEN IM FOKUS 2: Car stocks in demand after positively received VW statements,MarketScreener,2024-01-24 15:06:43.657696,google,3.0,Volkswagen and Cars
30,https://news.yahoo.com/volkswagens-updated-golf-aims-address-164130502.html?fr=sycsrp_catchall,Volkswagen's updated Golf aims to address criticisms of previous car,dpa international via Yahoo News,2024-01-24 22:06:51.160782,Yahoo,,Volkswagen and Cars
31,https://www.yahoo.com/tech/recent-tests-reveal-volkswagen-ev-170000429.html,Recent tests reveal Volkswagen’s new EV battery technology could shake up the industry: ‘These are...,The Cool Down via Yahoo News,2024-01-24 22:06:51.160782,Yahoo,,Volkswagen and Cars
32,https://www.bloomberg.com/news/articles/2024-01-23/byd-crowned-china-s-no-1-selling-car-brand-for-2023-over-vw,BYD Crowned China’s No. 1 Selling Car Brand for 2023 Over VW,Bloomberg,2024-01-23 15:06:51.160782,Yahoo,,Volkswagen and Cars
33,https://www.aol.com/volkswagen-just-lost-crown-china-191011281.html,Volkswagen just lost its crown as China’s biggest carmaker to Warren Buffett–backed BYD,Fortune via AOL,2024-01-23 15:06:51.160782,Yahoo,,Volkswagen and Cars
34,https://www.caranddriver.com/news/a46507716/2025-volkswagen-golf-gti-revealed/,"2025 Volkswagen Golf GTI Revealed with More Power, Improved Tech",Car and Driver,2024-01-24 15:06:51.176400,Yahoo,,Volkswagen and Cars
35,https://news.yahoo.com/volkswagen-adding-chatgpt-golf-50th-231154267.html?fr=sycsrp_catchall,Volkswagen adding ChatGPT to Golf in update for its 50th birthday,dpa international via Yahoo News,2024-01-24 15:06:51.176400,Yahoo,,Volkswagen and Cars
36,https://www.aol.com/5-best-european-cars-retirees-130014293.html,5 Best European Cars for Retirees on a Budget,GoBankingRates via AOL,2024-01-24 18:06:51.176400,Yahoo,,Volkswagen and Cars
37,https://insideevs.com/news/705728/vw-golf-plug-in-hybrid-ev-range-2024/,The New Volkswagen Golf Plug-In Hybrids Have 62 Miles Of Electric Range,InsideEVs,2024-01-24 15:06:51.176400,Yahoo,,Volkswagen and Cars
38,https://www.aol.com/view-photos-2025-volkswagen-golf-230100533.html,View Photos of the 2025 Volkswagen Golf GTI (Europe-Spec),Car and Driver via AOL,2024-01-24 15:06:51.176400,Yahoo,,Volkswagen and Cars
39,https://autos.yahoo.com/volkswagen-golf-reinvented-more-powerful-004610109.html,Volkswagen Golf reinvented with more powerful GTI,Autocar articles via Yahoo News,2024-01-24 15:06:51.176400,Yahoo,,Volkswagen and Cars
40,https://autos.yahoo.com/volkswagen-golf-reinvented-more-powerful-004610109.html,Volkswagen Golf reinvented with more powerful GTI,Autocar articles via Yahoo News,2024-01-24 15:06:51.176400,Yahoo,,Volkswagen and Cars
41,https://www.mensjournal.com/news/mechanics-rank-top-5-most-expensive-cars-maintain,Mechanics Rank the Top 5 Most Expensive Cars to Maintain,Men's Journal,2024-01-25 03:06:51.176400,Yahoo,,Volkswagen and Cars
42,https://www.nytimes.com/2024/01/24/business/teslas-electric-vehicles-profit-price-cuts.html,Tesla Profit From Car Sales Falls as Price Cuts Hurt,New York Times,2024-01-25 03:06:51.176400,Yahoo,,Volkswagen and Cars
43,https://finance.yahoo.com/news/toyota-chairman-doubles-down-electric-111721568.html?fr=sycsrp_catchall,"Toyota’s chairman doubles down on his electric car skepticism, forecasting that EV adoption will...",Fortune via Yahoo Finance,2024-01-24 17:06:51.176400,Yahoo,,Volkswagen and Cars
44,https://autos.yahoo.com/volkswagen-celebrates-50-years-golf-160000394.html,"Volkswagen Celebrates 50 Years Of Its Golf With A Powerful, Convenient Refresh",Jalopnik via Yahoo News,2024-01-24 21:06:51.176400,Yahoo,,Volkswagen and Cars
45,https://www.autonews.com/cars-concepts/2025-vw-golf-gets-digital-upgrade-improved-plug-hybrid,"VW Golf gets more tech, long-range plug-in hybrid",Automotive News,2024-01-24 18:06:51.191910,Yahoo,,Volkswagen and Cars
46,https://www.aol.com/2025-volkswagen-golf-gti-adds-230100368.html,"The 2025 Volkswagen Golf GTI Adds Buttons, Drops the Manual",Road & Track via AOL,2024-01-24 15:06:51.191910,Yahoo,,Volkswagen and Cars
47,https://autos.yahoo.com/safest-cars-sale-uk-2024-110613582.html,What are the safest cars on sale in the UK in 2024?,Autocar articles via Yahoo News,2024-01-24 18:06:51.191910,Yahoo,,Volkswagen and Cars
48,https://jalopnik.com/volkswagen-celebrates-50-years-of-its-golf-with-a-power-1851191133,"Volkswagen Celebrates 50 Years Of Its Golf With A Powerful, Convenient Refresh",Jalopnik,2024-01-24 21:06:51.191910,Yahoo,,Volkswagen and Cars
49,https://www.yahoo.com/lifestyle/mechanics-rank-top-5-most-211948491.html?fr=sycsrp_catchall,Mechanics Rank the Top 5 Most Expensive Cars to Maintain,Men's Journal via Yahoo News,2024-01-25 03:06:51.191910,Yahoo,,Volkswagen and Cars
50,https://www.yahoo.com/lifestyle/mechanics-rank-top-5-most-211948491.html?fr=sycsrp_catchall,Mechanics Rank the Top 5 Most Expensive Cars to Maintain,Men's Journal via Yahoo News,2024-01-25 03:06:51.191910,Yahoo,,Volkswagen and Cars
51,https://www.autoguide.com/auto/auto-news/the-new-volkswagen-gti-is-here-but-the-manual-isn-t-44609164,"The New Volkswagen GTI Is Here, But The Manual Isn't",AP News Archive,2024-01-24 15:06:51.191910,Yahoo,,Volkswagen and Cars
52,https://www.bloomberg.com/news/articles/2024-01-24/gm-to-invest-1-4-billion-in-brazil-with-focus-on-electric-cars,GM to Invest $1.4 Billion in Brazil With Focus on Electric Cars,Bloomberg,2024-01-25 03:06:51.191910,Yahoo,,Volkswagen and Cars
53,https://www.yahoo.com/lifestyle/vw-golf-8-5-lands-230144035.html?fr=sycsrp_catchall,"New VW Golf 8.5 lands with major tech, EV and infotainment upgrades",T3 via Yahoo News,2024-01-24 15:06:51.191910,Yahoo,,Volkswagen and Cars
54,https://finance.yahoo.com/news/eu-auditors-real-co2-emissions-160000205.html?fr=sycsrp_catchall,EU auditors say real CO2 emissions from most cars have not fallen,Reuters via Yahoo Finance,2024-01-24 21:06:51.191910,Yahoo,,Volkswagen and Cars
55,https://autos.yahoo.com/volkswagen-audi-porsche-game-changing-203000168.html,"Volkswagen, Audi, and Porsche make game-changing announcement about future electric models: ‘This is...",The Cool Down via Yahoo News,2024-01-21 15:06:51.191910,Yahoo,,Volkswagen and Cars
56,https://www.motortrend.com/features/pegasus-1957-volkswagen-beetle-january-1979-982-1280-16-1/,Pegasus: Best in the West '57 Volkswagen Beetle,MotorTrend,2024-01-24 15:06:51.191910,Yahoo,,Volkswagen and Cars
57,https://www.yahoo.com/tech/chatgpt-powered-cars-flying-evs-203000199.html,ChatGPT-powered cars and flying EVs: The 5 wildest and most revolutionary car tech coming to our...,The Cool Down via Yahoo News,2024-01-25 02:06:51.191910,Yahoo,,Volkswagen and Cars
58,https://autos.yahoo.com/buy-electric-car-095723389.html,Should I buy an electric car?,Autocar articles via Yahoo News,2024-01-24 17:06:51.191910,Yahoo,,Volkswagen and Cars
59,https://lbbonline.com/news/volkswagen-canada-unveils-pollution-absorbing-ev-car-cover,Volkswagen Canada Unveils Pollution-Absorbing EV Car Cover | LBBOnline,Little Black,2024-01-19 15:06:51.191910,Yahoo,,Volkswagen and Cars
60,https://www.thehindubusinessline.com/companies/volkswagen-india-expects-20-growth-in-sales-this-year/article67768646.ece,Volkswagen India expects 20% growth in sales this year,Business Line,2024-01-25 12:06:51.998796,Bing,,Volkswagen and Cars
61,https://www.msn.com/en-za/news/other/10-pics-of-the-updated-volkswagen-golf-gti-gallery/ar-BB1hemEW,10 PICS of the updated Volkswagen Golf GTI [GALLERY],richest on MSN,2024-01-25 13:06:51.998796,Bing,,Volkswagen and Cars
62,https://www.newsbytesapp.com/news/auto/skoda-and-volkswagen-witness-growth-in-sales-in-2023/story,"Volkswagen Group sold over 1,45,700 cars in 2023: Check details",newsbytesapp.com,2024-01-14 15:06:52.012842,Bing,,Volkswagen and Cars
63,https://www.drivespark.com/four-wheelers/2024/2024-volkswagen-golf-revealed-specs-features-images-042851.html,The Volkswagen Golf Is 50 Years Old Now & The New Mk8.5 Is The Perfect Birthday Present,DriveSpark,2024-01-24 16:06:52.012842,Bing,,Volkswagen and Cars
64,https://www.msn.com/en-in/autos/news/volkswagen-virtus-gt-long-term-review-12000-km-report/ar-BB1gYlw5,"Volkswagen Virtus GT long term review, 12,000 km report",Autocar India on MSN,2024-01-20 15:06:52.012842,Bing,,Volkswagen and Cars
65,https://www.drivespark.com/four-wheelers/2024/sreejith-vijay-embraces-roads-less-traveled-with-volkswagen-virtus-gen-042629.html,Sreejith Vijays New Ride: Volkswagen Virtus Embraces the Roads Less Traveled,DriveSpark,2024-01-23 15:06:52.012842,Bing,,Volkswagen and Cars
66,https://www.cartoq.com/buying-advice/safest-cars-in-india-volkswagen-taigun-vs-toyota-urban-cruiser-hyryder/,Volkswagen Taigun vs Toyota Urban Cruiser Hyryder: A Comparison of Their Variants Priced Rs 10-12 Lakh for Safety-conscious Car Buyers,Cartoq,2024-01-16 15:06:52.012842,Bing,,Volkswagen and Cars
67,https://economictimes.indiatimes.com/industry/auto/cars-uvs/volkswagen-groups-auto-sales-in-india-rise-to-145713-units-in-2023/articleshow/106868215.cms,"Volkswagen Group's auto sales in India rise to 1,45,713 units in 2023",Indiatimes,2024-01-16 15:06:52.012842,Bing,,Volkswagen and Cars
68,https://www.msn.com/en-gb/cars/news/volkswagen-s-updated-golf-aims-to-address-criticisms-of-previous-car/ar-BB1h9zQN,Volkswagen’s updated Golf aims to address criticisms of previous car,The Irish News on MSN,2024-01-24 15:06:52.012842,Bing,,Volkswagen and Cars
69,https://mybroadband.co.za/news/motoring/522771-these-cars-sell-for-more-second-hand-than-they-do-new.html,These cars sell for more second-hand than they do new,MyBroadband,2024-01-25 14:12:52.012842,Bing,,Volkswagen and Cars
70,https://www.cartoq.com/buying-advice/safest-cars-in-india-volkswagen-taigun-vs-toyota-urban-cruiser-hyryder/,Volkswagen Taigun vs Toyota Urban Cruiser Hyryder: A Comparison of Their Variants Priced Rs 10-12 Lakh for Safety-conscious Car Buyers,Cartoq,2024-01-16 15:06:53.116966,Bing,,Volkswagen and Cars
71,https://www.drivespark.com/four-wheelers/2024/sreejith-vijay-embraces-roads-less-traveled-with-volkswagen-virtus-gen-042629.html,Sreejith Vijays New Ride: Volkswagen Virtus Embraces the Roads Less Traveled,DriveSpark,2024-01-23 15:06:53.116966,Bing,,Volkswagen and Cars
72,https://www.carbuyer.co.uk/volkswagen/golf/305307/new-volkswagen-golf-gti-is-here-with-20-extra-horsepower,New Volkswagen Golf GTI is here with 20 extra horsepower,Car Buyer,2024-01-24 15:06:53.116966,Bing,,Volkswagen and Cars
73,https://www.aol.com/finance/5-best-european-cars-retirees-130014293.html,5 Best European Cars for Retirees on a Budget,AOL,2024-01-24 18:06:53.116966,Bing,,Volkswagen and Cars
74,https://www.whichcar.com.au/news/2025-volkswagen-golf-facelift-revealed-australian-timing-confirmed,"2025 Volkswagen Golf facelift revealed, Australian timing confirmed",whichcar,2024-01-24 15:06:53.132585,Bing,,Volkswagen and Cars
75,https://www.autoexpress.co.uk/volkswagen/golf/362087/new-2024-volkswagen-golf-facelift-arrives-updated-styling-and-improved-tech,New 2024 Volkswagen Golf facelift arrives with updated styling and improved tech,AutoExpress,2024-01-24 15:06:53.132585,Bing,,Volkswagen and Cars
76,https://www.msn.com/en-gb/cars/news/volkswagen-adding-chatgpt-to-golf-in-update-for-its-50th-birthday/ar-BB1h9pZx,Volkswagen adding ChatGPT to Golf in update for its 50th birthday,DPA International on MSN,2024-01-24 15:06:53.132585,Bing,,Volkswagen and Cars
77,https://mybroadband.co.za/news/motoring/522771-these-cars-sell-for-more-second-hand-than-they-do-new.html,These cars sell for more second-hand than they do new,MyBroadband,2024-01-25 14:12:53.132585,Bing,,Volkswagen and Cars
78,https://www.moneycontrol.com/news/world/volkswagen-and-rivals-plug-away-at-solid-state-battery-puzzle-12059911.html,Volkswagen and rivals plug away at solid-state battery puzzle,moneycontrol.com,2024-01-16 15:06:53.132585,Bing,,Volkswagen and Cars
79,https://www.team-bhp.com/news/volkswagen-integrate-chatgpt-its-infotainment-system,Volkswagen to integrate ChatGPT to its infotainment system,Team-BHP.com,2024-01-12 15:06:53.132585,Bing,,Volkswagen and Cars
80,https://news.am/eng/news/803735.html,Volkswagen updates one of its oldest models,News,2024-01-24 20:06:54.154436,Bing,,Volkswagen and Cars
81,https://www.selectcarleasing.co.uk/news/article/vw-golf-2024-facelift-revealed-in-full,New Volkswagen Golf revealed in full,selectcarleasing.co.uk,2024-01-24 18:06:54.170058,Bing,,Volkswagen and Cars
82,https://www.autocarpro.in/news-international/volkswagen-group-sells-924-million-vehicles-in-2023-bev-share-increases-to-83-118684,"Volkswagen Group sells 9.24 million vehicles in 2023, BEV share increases to 8.3%",Autocar Pro,2024-01-13 15:06:54.170058,Bing,,Volkswagen and Cars
83,https://www.moneycontrol.com/news/world/volkswagen-and-rivals-plug-away-at-solid-state-battery-puzzle-12059911.html,Volkswagen and rivals plug away at solid-state battery puzzle,moneycontrol.com,2024-01-16 15:06:54.170058,Bing,,Volkswagen and Cars
84,https://www.msn.com/en-us/autos/news/the-2025-volkswagen-golf-gti-adds-buttons-drops-the-manual/ar-BB1h9zFj,"The 2025 Volkswagen Golf GTI Adds Buttons, Drops the Manual",Road & Track on MSN,2024-01-24 15:06:54.170058,Bing,,Volkswagen and Cars
85,https://fleetworld.co.uk/2024-volkswagen-golf-delivers-new-plug-in-hybrid-and-improved-tech/,2024 Volkswagen Golf delivers new plug-in hybrid and improved tech,Fleet World,2024-01-24 18:06:54.170058,Bing,,Volkswagen and Cars
86,https://finance.yahoo.com/news/volkswagen-just-lost-crown-china-191011020.html,Volkswagen just lost its crown as China’s biggest carmaker to Warren Buffett–backed BYD,YAHOO!Finance,2024-01-24 15:06:54.170058,Bing,,Volkswagen and Cars
87,https://brandequity.economictimes.indiatimes.com/news/marketing/volkswagen-sales-growth-driven-by-mass-market-brands-audi/106799227,"Volkswagen sales growth driven by mass-market brands, Audi",brandequity.economictimes.indiatimes,2024-01-13 15:06:54.170058,Bing,,Volkswagen and Cars
88,https://www.msn.com/en-us/news/world/pedestrian-42-dies-after-being-struck-by-car/ar-BB1hbG4W,"Pedestrian, 42, dies after being struck by car",BBC on MSN,2024-01-24 19:06:54.170058,Bing,,Volkswagen and Cars
89,https://www.autocarpro.in/news-international/volkswagen-celebrates-golfs-50th-anniversary-with-reinvented-model-118838&sa=U&ved=2ahUKEwiyrKjbnviDAxUTJbkGHQGeAGQQxfQBegQIAxAC&usg=AOvVaw0ccagye0_TsiW6_MGBh-hG,Volkswagen celebrates Golf’s 50th anniversary with reinvented model,Auto car pro,2024-01-24 15:06:55.894817,google,3.0,Volkswagen and Engine
90,https://www.team-bhp.com/news/rough-engine-noise-brand-new-vw-virtus-dealer-says-car-ok&sa=U&ved=2ahUKEwiyrKjbnviDAxUTJbkGHQGeAGQQxfQBegQICRAC&usg=AOvVaw0lHKWxXCBAcBWiRONlCR-A,Rough engine noise in a brand new VW Virtus: Dealer says the car is ok,Team-BHP,2023-10-25 15:06:55.894817,google,3.0,Volkswagen and Engine
91,https://autos.maxabout.com/news/2024-hyundai-creta-facelift-vs-volkswagen-taigun-vs-skoda-kushaq&sa=U&ved=2ahUKEwiyrKjbnviDAxUTJbkGHQGeAGQQxfQBegQIAhAC&usg=AOvVaw3JVUdGZW_0qwA-APsyh6G6,2024 Hyundai Creta Facelift vs Volkswagen Taigun vs Skoda Kushaq,Autos MaxAbout,2024-01-24 16:06:55.894817,google,3.0,Volkswagen and Engine
92,https://m.timesofindia.com/auto/cars/2024-volkswagen-tiguan-in-images-design-features-engine-options-and-more/photostory/103839857.cms&sa=U&ved=2ahUKEwiyrKjbnviDAxUTJbkGHQGeAGQQxfQBegQIBBAC&usg=AOvVaw3OsW_FdT6l_0BZLDX4YFE8,"2024 Volkswagen Tiguan in images: Design, features, engine options and more",timesofindia,2023-09-25 15:06:55.894817,google,3.0,Volkswagen and Engine
93,https://gaadiwaadi.com/india-bound-all-new-volkswagen-tayron-debuts-to-replace-tiguan-allspace/&sa=U&ved=2ahUKEwiyrKjbnviDAxUTJbkGHQGeAGQQxfQBegQIABAC&usg=AOvVaw3WNaZe1fMYAtN8b74VjcEp,"India-Bound All-New Volkswagen Tayron Debuts, To Replace Tiguan Allspace",Gaadiwaadi.com,2024-01-18 15:06:55.894817,google,3.0,Volkswagen and Engine
94,https://www.carwale.com/news/2024-volkswagen-tiguan-now-in-pictures/&sa=U&ved=2ahUKEwiyrKjbnviDAxUTJbkGHQGeAGQQxfQBegQIBxAC&usg=AOvVaw2_h_XuT6NRGXVBNNSVdRGt,2024 Volkswagen Tiguan: Now in Pictures,CarWale,2023-10-25 15:06:55.894817,google,3.0,Volkswagen and Engine
95,https://www.autocarindia.com/car-news/vw-virtus-taigun-sound-edition-launched-429890&sa=U&ved=2ahUKEwiyrKjbnviDAxUTJbkGHQGeAGQQxfQBegQIBRAC&usg=AOvVaw15cnQmrpqwlHcjo-n6Lqyh,"Volkswagen Virtus, Taigun Sound Edition launched",Autocar India,2023-11-25 15:06:55.894817,google,3.0,Volkswagen and Engine
96,https://www.financialexpress.com/auto/car-news/2024-volkswagen-tiguan-globally-unveiled-gets-petrol-hybrid-diesel-engines/3249266/&sa=U&ved=2ahUKEwiyrKjbnviDAxUTJbkGHQGeAGQQxfQBegQIBhAC&usg=AOvVaw2Gvg7k1jbGPoKDS9ISuuzi,"2024 Volkswagen Tiguan globally unveiled– gets petrol, hybrid, diesel engines",The Financial Express,2023-09-25 15:06:55.905364,google,3.0,Volkswagen and Engine
97,https://www.evoindia.com/news/car-news/volkswagen-launches-the-sound-edition-of-taigun-and-virtus&sa=U&ved=2ahUKEwiyrKjbnviDAxUTJbkGHQGeAGQQxfQBegQICBAC&usg=AOvVaw1PfXdIftrdXJwarxJE5KWo,"Volkswagen launches the Sound Edition of Taigun and Virtus at Rs 16.33 lakh and Rs 15.52 lakh, respectively",EVO India,2023-11-25 15:06:55.905364,google,3.0,Volkswagen and Engine
98,https://www.news18.com/auto/new-volkswagen-tiguan-suv-breaks-cover-gets-hybrid-engine-option-and-much-more-8585105.html&sa=U&ved=2ahUKEwiyrKjbnviDAxUTJbkGHQGeAGQQxfQBegQIARAC&usg=AOvVaw0UBAuRgIeX-nXpHz_-5uvk,"New Volkswagen Tiguan SUV Breaks Cover, Gets Hybrid Engine Option And Much More",News18,2023-09-25 15:06:55.905364,google,3.0,Volkswagen and Engine
99,https://www.carwow.co.uk/volkswagen/golf/news/6939/new-2023-volkswagen-golf-facelift-price-specs&sa=U&ved=2ahUKEwjh8JDcnviDAxXJNrkGHeM8CjI4ChDF9AF6BAgHEAI&usg=AOvVaw0W6IIIqbTzrQA3dcsmxLFH,New Volkswagen Golf revealed: mid-life update for iconic hatchback,Carwow,2024-01-24 15:06:57.633781,google,3.0,Volkswagen and Engine
100,https://www.team-bhp.com/news/vw-tiguan-vs-audi-q3-it-worth-spending-over-20l-extra-audi&sa=U&ved=2ahUKEwjh8JDcnviDAxXJNrkGHeM8CjI4ChDF9AF6BAgJEAI&usg=AOvVaw0vL5k0Ma9VMBGHdqpWjt0g,VW Tiguan vs Audi Q3: Is it worth spending over 20L extra on the Audi?,Team-BHP,2023-07-25 15:06:57.633781,google,3.0,Volkswagen and Engine
101,https://www.carwale.com/news/volkswagen-virtus-updated-with-bs6-2-engine-and-new-features/&sa=U&ved=2ahUKEwjh8JDcnviDAxXJNrkGHeM8CjI4ChDF9AF6BAgEEAI&usg=AOvVaw3Ip5_StWqye4dS-ieH6-kj,Volkswagen Virtus updated with BS6 2 engine and new features,CarWale,2023-03-25 15:06:57.633781,google,3.0,Volkswagen and Engine
102,https://www.team-bhp.com/news/resolved-vw-polo-10l-tsi-engine-guard-rubbing-gearbox-oil-sump&sa=U&ved=2ahUKEwjh8JDcnviDAxXJNrkGHeM8CjI4ChDF9AF6BAgGEAI&usg=AOvVaw2irQ9djwCHPQ85pPEQPA8s,Resolved: VW Polo 1.0L TSI engine guard rubbing with gearbox oil sump,Team-BHP.com,2023-05-25 15:06:57.633781,google,3.0,Volkswagen and Engine
103,https://www.carwale.com/news/volkswagen-virtus-gt-dsg-variant-launched-at-rs-1620-lakh/&sa=U&ved=2ahUKEwjh8JDcnviDAxXJNrkGHeM8CjI4ChDF9AF6BAgFEAI&usg=AOvVaw1cwAeNdMpZv-xa7Mm5k1kp,Volkswagen Virtus GT DSG variant launched at Rs. 16.20 lakh,CarWale,2023-07-25 15:06:57.633781,google,3.0,Volkswagen and Engine
104,https://www.team-bhp.com/news/volkswagen-virtus-gets-16l-petrol-engine-south-africa&sa=U&ved=2ahUKEwjh8JDcnviDAxXJNrkGHeM8CjI4ChDF9AF6BAgCEAI&usg=AOvVaw1f8F082Sz7AKiIPO8VIPPs,Volkswagen Virtus gets a 1.6L petrol engine in South Africa,Team-BHP.com,2023-05-25 15:06:57.633781,google,3.0,Volkswagen and Engine
105,https://www.team-bhp.com/forum/technical-stuff/264820-vw-jetta-2-0-tdi-dsg-queries-about-engine-suspension-modifications.html&sa=U&ved=2ahUKEwjh8JDcnviDAxXJNrkGHeM8CjI4ChDF9AF6BAgIEAI&usg=AOvVaw2OKFAc9BFVjmqzz7L97RCI,"VW Jetta 2.0 TDI DSG | Queries about the engine, suspension & modifications",Team-BHP.com,2023-04-25 15:06:57.633781,google,3.0,Volkswagen and Engine
106,https://www.team-bhp.com/news/how-reliable-are-newer-vwskoda-dq200-gearboxes&sa=U&ved=2ahUKEwjh8JDcnviDAxXJNrkGHeM8CjI4ChDF9AF6BAgDEAI&usg=AOvVaw2WHo8ojhOX7OuGIwpr7D8Z,How reliable are the newer VW/Skoda DQ200 gearboxes?,Team-BHP.com,2023-09-25 15:06:57.633781,google,3.0,Volkswagen and Engine
107,https://www.team-bhp.com/forum/long-term-ownership-reviews/267580-2010-volkswagen-jetta-2-0-tdi-mt-long-term-ownership-experience-1-47-lakh-km.html&sa=U&ved=2ahUKEwjh8JDcnviDAxXJNrkGHeM8CjI4ChDF9AF6BAgAEAI&usg=AOvVaw2tH01mZAoEvDt9BjnyIttT,2010 Volkswagen Jetta 2.0 TDi MT | Long-term ownership experience | 1.47 lakh km,Team-BHP,2023-07-25 15:06:57.649403,google,3.0,Volkswagen and Engine
108,https://www.team-bhp.com/news/own-2015-vw-jetta-tdi-queries-engine-suspensions-modifications&sa=U&ved=2ahUKEwjh8JDcnviDAxXJNrkGHeM8CjI4ChDF9AF6BAgBEAI&usg=AOvVaw3REj_YX0cp8R2ujJuZtZ5C,"Own a 2015 VW Jetta TDI: Queries on engine, suspensions & modifications",Team-BHP.com,2023-04-25 15:06:57.649403,google,3.0,Volkswagen and Engine
109,https://www.zigwheels.com/news-features/general-news/vw-virtuss-1.5-litre-engine-and-dsg-combo-become-more-affordable-by-rs-2.37-lakh/50278/&sa=U&ved=2ahUKEwilpvrcnviDAxWmILkGHa_ZABo4FBDF9AF6BAgCEAI&usg=AOvVaw3x2cyNBoDmhQX_hxS_EdJ2,VW Virtus’s 1.5-litre Engine And DSG Combo Become More Affordable By Rs 2.37 Lakh,ZigWheels.com,2023-07-25 15:06:59.365313,google,3.0,Volkswagen and Engine
110,https://www.team-bhp.com/news/my-vw-virtus-gt-5-pros-5-cons-observed-over-year-ownership&sa=U&ved=2ahUKEwilpvrcnviDAxWmILkGHa_ZABo4FBDF9AF6BAgJEAI&usg=AOvVaw25sHvhqsfDMikYtrlvp1QG,My VW Virtus GT: 5 pros & 5 cons observed over a year of ownership,Team-BHP,2023-09-25 15:06:59.382028,google,3.0,Volkswagen and Engine
111,https://www.zigwheels.com/news-features/real-world-performance/2023-kia-seltos-facelift-vs-volkswagen-taigun-battle-for-top-spot-in-terms-of-performance/51271/&sa=U&ved=2ahUKEwilpvrcnviDAxWmILkGHa_ZABo4FBDF9AF6BAgIEAI&usg=AOvVaw0WAEYq18UlyRR4fm550N2y,2023 Kia Seltos Facelift vs Volkswagen Taigun: Battle For Top Spot In Terms Of Performance,ZigWheels.com,2023-10-25 15:06:59.382533,google,3.0,Volkswagen and Engine
112,https://carbuzz.com/cars/volkswagen/golf-gti/2025&sa=U&ved=2ahUKEwilpvrcnviDAxWmILkGHa_ZABo4FBDF9AF6BAgGEAI&usg=AOvVaw2_S762aUkbdnfnB6HOGQR1,"2025 Volkswagen Golf GTI: First Look Review, Estimated Price, Interior, Exterior Design, Specifications",CarBuzz,2024-01-23 15:06:59.382533,google,3.0,Volkswagen and Engine
113,https://www.autocarpro.in/news-international/skoda-ic-engine-knowhow-to-power-50-models-across-seven-volkswagen-group-brands-115031&sa=U&ved=2ahUKEwilpvrcnviDAxWmILkGHa_ZABo4FBDF9AF6BAgDEAI&usg=AOvVaw3qJlVSjWOiaYuciAPNAm4N,Skoda IC engine knowhow to power 50 models across seven Volkswagen Group brands,Autocar Professional,2023-05-25 15:06:59.382533,google,3.0,Volkswagen and Engine
114,https://www.volkswagen-newsroom.com/en/press-releases/new-drive-for-the-all-electric-id-family-more-performance-and-higher-efficiency-15699&sa=U&ved=2ahUKEwilpvrcnviDAxWmILkGHa_ZABo4FBDF9AF6BAgHEAI&usg=AOvVaw21rT2hxE6B0RjML52Xu87f,New drive for the all-electric ID. family: more performance and higher efficiency,Volkswagen Newsroom,2023-12-25 15:06:59.382533,google,3.0,Volkswagen and Engine
115,https://www.business-standard.com/industry/auto/volkswagen-launches-new-trims-of-virtus-taigun-with-1-5-ltr-tsi-evo-engine-123060800821_1.html&sa=U&ved=2ahUKEwilpvrcnviDAxWmILkGHa_ZABo4FBDF9AF6BAgEEAI&usg=AOvVaw1IIMa6i5gA36vQhZaJbMko,"Volkswagen launches new trims of Virtus, Taigun with 1.5 ltr TSI EVO engine",Business Standard,2023-06-25 15:06:59.382533,google,3.0,Volkswagen and Engine
116,https://www.carwale.com/news/volkswagen-tiguan-onroad-prices-in-top-10-cities-in-india/&sa=U&ved=2ahUKEwilpvrcnviDAxWmILkGHa_ZABo4FBDF9AF6BAgBEAI&usg=AOvVaw2Gp4btmNtMjBwaCS1S97NF,Volkswagen Tiguan on-road prices in top 10 cities in India,CarWale,2023-06-25 15:06:59.382533,google,3.0,Volkswagen and Engine
117,https://www.caranddriver.com/reviews/a46462117/2024-volkswagen-amarok-pickup-drive/&sa=U&ved=2ahUKEwilpvrcnviDAxWmILkGHa_ZABo4FBDF9AF6BAgAEAI&usg=AOvVaw1TVTnjN4qKn1pOQMa9fTbh,2024 Volkswagen Amarok Is a Cloned Ranger,Car and Driver,2024-01-23 15:06:59.382533,google,3.0,Volkswagen and Engine
118,https://www.thisismoney.co.uk/money/cars/article-12997033/VW-Golf-petrol-facelift.html&sa=U&ved=2ahUKEwilpvrcnviDAxWmILkGHa_ZABo4FBDF9AF6BAgFEAI&usg=AOvVaw1jzzegoMTw7BFvwUElL2ut,VW Golf's auf wiedersehen to petrol: German brand unveils the updated Golf Mk8.5 - the last with a combustion,This is Money,2024-01-24 19:06:59.382533,google,3.0,Volkswagen and Engine
119,https://www.yahoo.com/tech/recent-tests-reveal-volkswagen-ev-170000429.html,Recent tests reveal Volkswagen’s new EV battery technology could shake up the industry: ‘These are...,The Cool Down via Yahoo News,2024-01-24 22:07:08.518934,Yahoo,,Volkswagen and Engine
120,https://news.yahoo.com/volkswagens-updated-golf-aims-address-164130502.html?fr=sycsrp_catchall,Volkswagen's updated Golf aims to address criticisms of previous car,dpa international via Yahoo News,2024-01-24 22:07:08.518934,Yahoo,,Volkswagen and Engine
121,https://insideevs.com/news/705728/vw-golf-plug-in-hybrid-ev-range-2024/,The New Volkswagen Golf Plug-In Hybrids Have 62 Miles Of Electric Range,InsideEVs,2024-01-24 15:07:08.518934,Yahoo,,Volkswagen and Engine
122,https://www.caranddriver.com/news/a46507716/2025-volkswagen-golf-gti-revealed/,"2025 Volkswagen Golf GTI Revealed with More Power, Improved Tech",Car and Driver,2024-01-24 15:07:08.518934,Yahoo,,Volkswagen and Engine
123,https://autos.yahoo.com/volkswagen-golf-reinvented-more-powerful-004610109.html,Volkswagen Golf reinvented with more powerful GTI,Autocar articles via Yahoo News,2024-01-24 15:07:08.518934,Yahoo,,Volkswagen and Engine
124,https://news.yahoo.com/volkswagen-adding-chatgpt-golf-50th-231154267.html?fr=sycsrp_catchall,Volkswagen adding ChatGPT to Golf in update for its 50th birthday,dpa international via Yahoo News,2024-01-24 15:07:08.518934,Yahoo,,Volkswagen and Engine
125,https://www.aol.com/view-photos-2024-volkswagen-amarok-181400454.html,View Photos of the 2024 Volkswagen Amarok,Car and Driver via AOL,2024-01-22 15:07:08.518934,Yahoo,,Volkswagen and Engine
126,https://www.aol.com/2025-volkswagen-golf-gti-adds-230100368.html,"The 2025 Volkswagen Golf GTI Adds Buttons, Drops the Manual",Road & Track via AOL,2024-01-24 15:07:08.518934,Yahoo,,Volkswagen and Engine
127,https://www.caranddriver.com/reviews/a46462117/2024-volkswagen-amarok-pickup-drive/,2024 Volkswagen Amarok Pickup Is a Cloned Ranger,Car and Driver,2024-01-22 15:07:08.518934,Yahoo,,Volkswagen and Engine
128,https://www.yahoo.com/lifestyle/vw-golf-8-5-lands-230144035.html?fr=sycsrp_catchall,"New VW Golf 8.5 lands with major tech, EV and infotainment upgrades",T3 via Yahoo News,2024-01-24 15:07:08.518934,Yahoo,,Volkswagen and Engine
129,https://www.yahoo.com/lifestyle/vw-golf-8-5-lands-230144035.html?fr=sycsrp_catchall,"New VW Golf 8.5 lands with major tech, EV and infotainment upgrades",T3 via Yahoo News,2024-01-24 15:07:08.534554,Yahoo,,Volkswagen and Engine
130,https://autos.yahoo.com/2024-volkswagen-amarok-pickup-cloned-181400792.html,2024 Volkswagen Amarok Pickup Is a Cloned Ranger,Car and Driver US Reviews via Yahoo News,2024-01-22 15:07:08.536192,Yahoo,,Volkswagen and Engine
131,https://www.msn.com/en-xl/news/other/volkswagen-shows-aborted-truck-based-suv/ar-BB1h7bgA,Volkswagen Shows Aborted Truck-Based SUV,MSN News,2024-01-23 15:07:08.536192,Yahoo,,Volkswagen and Engine
132,https://autos.yahoo.com/2025-volkswagen-golf-gti-revealed-230100847.html,"2025 Volkswagen Golf GTI Revealed with More Power, Improved Tech",Car and Driver via Yahoo News,2024-01-24 15:07:08.536192,Yahoo,,Volkswagen and Engine
133,https://autos.yahoo.com/2025-vw-gti-brings-buttons-230000546.html,"2025 VW GTI Brings Buttons, Gains 20 HP, Ditches the Manual",THE DRIVE via Yahoo News,2024-01-24 15:07:08.536192,Yahoo,,Volkswagen and Engine
134,https://news.yahoo.com/volkswagen-spent-800m-california-ev-130000571.html?fr=sycsrp_catchall,Volkswagen spent $800M on California EV charging to atone for Dieselgate. Drivers aren’t happy,Sacramento Bee via Yahoo News,2024-01-22 15:07:08.536192,Yahoo,,Volkswagen and Engine
135,https://finance.yahoo.com/news/beetles-buses-deadheads-vw-became-102310090.html?fr=sycsrp_catchall,"Beetles, buses and Deadheads: How VW became a cultural icon in the US over 75 years",USA TODAY via Yahoo Finance,2024-01-23 15:07:08.540735,Yahoo,,Volkswagen and Engine
136,https://autos.yahoo.com/1958-volkswagen-type-2-deluxe-140049803.html,1958 Volkswagen Type 2 Deluxe Samba ’23-Window’ Sunroof Microbus,Motorious via Yahoo News,2024-01-19 15:07:08.540735,Yahoo,,Volkswagen and Engine
137,https://finance.yahoo.com/news/vw-marks-75-years-triumph-120137546.html?fr=sycsrp_catchall,VW marks 75 years of triumph and turmoil in the US,Detroit Free Press via Yahoo Finance,2024-01-20 15:07:08.540735,Yahoo,,Volkswagen and Engine
138,https://autos.yahoo.com/buy-electric-car-095723389.html,Should I buy an electric car?,Autocar articles via Yahoo News,2024-01-24 17:07:08.540735,Yahoo,,Volkswagen and Engine
139,https://finance.yahoo.com/news/5-best-european-cars-retirees-130014819.html?fr=sycsrp_catchall,5 Best European Cars for Retirees on a Budget,GOBankingRates via Yahoo Finance,2024-01-24 18:07:08.540735,Yahoo,,Volkswagen and Engine
140,https://www.caranddriver.com/news/a46506507/2024-chevy-traverse-pricing-revealed/,"2024 Chevy Traverse Pricing Rises by Thousands, RS Tops $55,000",Car and Driver,2024-01-23 15:07:08.540735,Yahoo,,Volkswagen and Engine
141,https://www.texarkanagazette.com/news/2024/jan/23/data-from-vehicles-and-witness-reports-indicate/,Data from vehicles and witness reports indicate racing caused fatal wreck in Texarkana | Texarkana...,Texarkana Gazette,2024-01-24 15:07:08.540735,Yahoo,,Volkswagen and Engine
142,https://www.wcax.com/2024/01/18/super-senior-john-hamill/,Super Senior: John Hamill,WCAX-TV Vermont,2024-01-19 15:07:08.540735,Yahoo,,Volkswagen and Engine
143,https://www.aol.com/7-hybrid-vehicles-stay-away-150021187.html,7 Hybrid Vehicles To Stay Away From Buying,GoBankingRates via AOL,2024-01-22 15:07:08.540735,Yahoo,,Volkswagen and Engine
144,https://phys.org/news/2024-01-eu-car-co2-emissions.html,EU rules have failed to cut car CO2 emissions: report,Phys.org,2024-01-25 01:07:08.550242,Yahoo,,Volkswagen and Engine
145,https://www.msn.com/en-xl/news/other/2025-volkswagen-golf-sketches-hint-at-imminent-arrival/ar-BB1gWnDa,2025 Volkswagen Golf Sketches Hint At Imminent Arrival,MSN News,2024-01-19 15:07:08.551816,Yahoo,,Volkswagen and Engine
146,https://autos.yahoo.com/wwii-forced-french-luxury-brand-143000104.html,WWII Forced French Luxury Brand Voisin To Pivot And This Minimalist Two-Seater Is The Result,Jalopnik via Yahoo News,2024-01-24 20:07:08.551816,Yahoo,,Volkswagen and Engine
147,https://www.msn.com/en-nz/news/other/20-best-affordable-sports-cars-of-2024/ar-BB1h8wzn,20 Best Affordable Sports Cars Of 2024,MSN News,2024-01-23 15:07:08.551816,Yahoo,,Volkswagen and Engine
148,https://www.sacbee.com/news/california/article283999928.html,Volkswagen spent $800M on California EV charging to atone for Dieselgate. Drivers aren’t happy,The Sacramento Bee,2024-01-22 15:07:08.551816,Yahoo,,Volkswagen and Engine
149,https://www.msn.com/en-in/autos/news/the-volkswagen-gti-is-getting-more-power-for-2024/ar-BB1h9nT8,The Volkswagen GTI Is Getting More Power For 2024,motor1.com on MSN,2024-01-24 15:07:09.415761,Bing,,Volkswagen and Engine
150,https://www.msn.com/en-za/news/other/10-pics-of-the-updated-volkswagen-golf-gti-gallery/ar-BB1hemEW,10 PICS of the updated Volkswagen Golf GTI [GALLERY],richest on MSN,2024-01-25 13:07:09.415761,Bing,,Volkswagen and Engine
151,https://www.cars.co.za/motoring-news/2024-volkswagen-golf-8-5-revealed/200274/,2024 Volkswagen Golf 8.5 Revealed,Cars.co.za,2024-01-24 15:07:09.415761,Bing,,Volkswagen and Engine
152,https://www.autocarpro.in/news-international/volkswagen-celebrates-golfs-50th-anniversary-with-reinvented-model-118838,Volkswagen celebrates Golf’s 50th anniversary with reinvented model,Autocar Pro,2024-01-24 15:07:09.415761,Bing,,Volkswagen and Engine
153,https://www.drivespark.com/four-wheelers/2024/2024-volkswagen-golf-revealed-specs-features-images-042851.html,The Volkswagen Golf Is 50 Years Old Now & The New Mk8.5 Is The Perfect Birthday Present,DriveSpark,2024-01-24 16:07:09.415761,Bing,,Volkswagen and Engine
154,https://www.msn.com/en-gb/cars/news/vw-golfs-auf-wiedersehen-to-petrol-german-brand-unveils-the-updated-golf-mk85-the-last-with-a-combustion-engine/ar-BB1hbtA0,VW Golf's auf wiedersehen to petrol: German brand unveils the updated Golf Mk8.5 - the last with a combustion engine,This is Money on MSN,2024-01-24 18:07:09.415761,Bing,,Volkswagen and Engine
155,https://carbuzz.com/cars/volkswagen/golf-gti/2025,2025 Volkswagen Golf GTI,https//carbuzz,2024-01-24 15:07:09.415761,Bing,,Volkswagen and Engine
156,https://www.msn.com/en-gb/cars/news/volkswagen-golf-2024-prices-specs-and-release-date/ar-BB1haXQP,"Volkswagen Golf 2024: Prices, specs and release date",HonestJohn.co.uk on MSN,2024-01-24 16:07:09.415761,Bing,,Volkswagen and Engine
157,https://www.carbuyer.co.uk/volkswagen/golf/305307/new-volkswagen-golf-gti-is-here-with-20-extra-horsepower,New Volkswagen Golf GTI is here with 20 extra horsepower,Car Buyer,2024-01-24 15:07:09.415761,Bing,,Volkswagen and Engine
158,https://www.carbuyer.co.uk/volkswagen/golf/305305/new-volkswagen-golf-hatchback-hero-arrives-with-updated-interior-engines-and,"New Volkswagen Golf – hatchback hero arrives with updated interior, engines and more",Car Buyer,2024-01-24 15:07:09.431382,Bing,,Volkswagen and Engine
159,https://www.bloomberg.com/news/articles/2024-01-17/vw-diesel-engine-fix-for-62-older-models-toppled-by-german-court,VW’s Fix for Dozens of Older Diesel Models Toppled by Court,Bloomberg L.P.,2024-01-18 15:07:10.345469,Bing,,Volkswagen and Engine
160,https://news.am/eng/news/803735.html,Volkswagen updates one of its oldest models,News,2024-01-24 20:07:10.345469,Bing,,Volkswagen and Engine
161,https://www.team-bhp.com/news/facing-engine-misfire-other-issues-my-skoda-kodiaq-tsi,Facing engine misfire & other issues with my Skoda Kodiaq TSI,Team-BHP.com,2024-01-19 15:07:10.345469,Bing,,Volkswagen and Engine
162,https://www.msn.com/en-gb/cars/news/volkswagen-golf-2024-prices-specs-and-release-date/ar-BB1haXQP,"Volkswagen Golf 2024: Prices, specs and release date",HonestJohn.co.uk on MSN,2024-01-24 16:07:10.345469,Bing,,Volkswagen and Engine
163,https://www.zigwheels.com/news-features/spec-comparo/2024-hyundai-creta-facelift-vs-volkswagen-taigun-vs-skoda-kushaq-compact-suvs-compared/52018/,2024 Hyundai Creta Facelift vs Volkswagen Taigun vs Skoda Kushaq: Compact SUVs Compared,ZigWheels,2024-01-24 15:07:10.345469,Bing,,Volkswagen and Engine
164,https://www.msn.com/en-in/autos/news/new-volkswagen-tayron-revealed-replaces-tiguan-allspace/ar-AA1n2tTy,"New Volkswagen Tayron revealed, replaces Tiguan Allspace",Autocar India on MSN,2024-01-16 15:07:10.345469,Bing,,Volkswagen and Engine
165,https://www.autoexpress.co.uk/volkswagen/golf/362087/new-2024-volkswagen-golf-facelift-arrives-updated-styling-and-improved-tech,New 2024 Volkswagen Golf facelift arrives with updated styling and improved tech,AutoExpress,2024-01-24 15:07:10.345469,Bing,,Volkswagen and Engine
166,https://www.msn.com/en-gb/cars/news/volkswagen-adding-chatgpt-to-golf-in-update-for-its-50th-birthday/ar-BB1h9pZx,Volkswagen adding ChatGPT to Golf in update for its 50th birthday,DPA International on MSN,2024-01-24 15:07:10.345469,Bing,,Volkswagen and Engine
167,https://www.msn.com/en-us/money/companies/beetles-buses-and-deadheads-how-vw-became-a-cultural-icon-in-the-us-over-75-years/ar-BB1h7svZ,"Beetles, buses and Deadheads: How VW became a cultural icon in the US over 75 years",USA Today on MSN,2024-01-24 15:07:10.345469,Bing,,Volkswagen and Engine
168,https://www.auto123.com/en/news/2025-volkswagen-golf-gti-unveiled/71125/,Volkswagen Unveils 2025 Golf GTI,Auto123,2024-01-25 03:07:11.350994,Bing,,Volkswagen and Engine
169,https://www.ttnews.com/articles/court-rejects-vw-engine-plan,Court Rejects VW’s Plan to Fix Engines With Software Update,Transport Topics,2024-01-18 15:07:11.350994,Bing,,Volkswagen and Engine
170,https://fleetworld.co.uk/2024-volkswagen-golf-delivers-new-plug-in-hybrid-and-improved-tech/,2024 Volkswagen Golf delivers new plug-in hybrid and improved tech,Fleet World,2024-01-24 18:07:11.366655,Bing,,Volkswagen and Engine
171,https://www.msn.com/en-us/autos/enthusiasts/the-story-behind-the-crazy-twin-engine-mk3-volkswagen-golf-with-2000-hp/ar-AA1n3gfj,"The Story Behind The Crazy Twin Engine MK3 Volkswagen Golf With 2,000 HP",HotCars on MSN,2024-01-16 15:07:11.366655,Bing,,Volkswagen and Engine
172,https://www.topgear.com.ph/news/car-news/ford-everest-vw-amarok-a5100-20240123,This is Volkswagen’s take on the Ford Everest,Top Gear Philippines,2024-01-23 15:07:11.366655,Bing,,Volkswagen and Engine
173,https://www.msn.com/en-gb/cars/news/review-volkswagen-id3/ar-BB1h8hMe,Review: Volkswagen ID.3,The Yorkshire Post on MSN,2024-01-24 15:07:11.366655,Bing,,Volkswagen and Engine
174,https://www.msn.com/en-gb/cars/news/volkswagen-adding-chatgpt-to-golf-in-update-for-its-50th-birthday/ar-BB1h9pZx,VW adding ChatGPT to Golf in update for its 50th birthday,DPA International on MSN,2024-01-24 15:07:11.366655,Bing,,Volkswagen and Engine
175,https://www.msn.com/en-gb/cars/news/volkswagen-s-updated-golf-aims-to-address-criticisms-of-previous-car/ar-BB1h9zQN,Volkswagen’s updated Golf aims to address criticisms of previous car,The Irish News on MSN,2024-01-24 15:07:11.366655,Bing,,Volkswagen and Engine
